subscription_item_id,timestamp,quantity
si_2b,2024-01-05 08:00:00,2
si_2b,2024-01-05 08:57:04,1
si_3b,2024-01-05 13:19:14,2
si_1b,2024-01-05 15:44:05,2
si_1b,2024-01-05 15:48:36,2
si_3b,2024-01-05 16:41:04,2
si_1b,2024-01-05 17:16:25,1
si_2b,2024-01-05 20:30:50,2
si_1b,2024-01-05 22:47:25,2
si_3b,2024-01-05 23:45:55,2
si_3b,2024-01-06 01:24:08,1
si_2b,2024-01-06 03:33:58,1
si_3b,2024-01-06 07:16:34,2
si_1b,2024-01-06 09:13:07,2
si_1b,2024-01-06 12:48:43,1
si_2b,2024-01-06 18:19:57,2
si_3b,2024-01-06 22:00:42,1
si_1b,2024-01-07 02:32:27,1
si_2b,2024-01-07 08:21:23,1
si_1b,2024-01-07 08:40:56,1
si_2b,2024-01-07 11:14:38,2
si_3b,2024-01-07 13:20:40,2
si_3b,2024-01-07 17:47:10,2
si_1b,2024-01-07 19:39:09,1
si_3b,2024-01-07 20:23:01,2
si_1b,2024-01-08 01:26:29,1
si_2b,2024-01-08 03:33:23,2
si_2b,2024-01-08 09:14:06,1
si_1b,2024-01-08 11:52:45,1
si_1b,2024-01-08 12:22:04,2
si_2b,2024-01-08 17:20:53,1
si_3b,2024-01-08 20:38:05,1
si_2b,2024-01-08 21:38:54,2
si_1b,2024-01-09 02:41:53,2
si_1b,2024-01-09 04:24:09,2
si_1b,2024-01-09 05:06:22,2
si_2b,2024-01-09 10:29:33,2
si_1b,2024-01-09 15:40:32,2
si_3b,2024-01-09 19:35:37,2
si_1b,2024-01-09 20:20:13,2
si_2b,2024-01-09 23:09:55,2
si_2b,2024-01-09 23:27:12,1
si_3b,2024-01-10 00:29:38,1
si_2b,2024-01-10 01:12:18,1
si_1b,2024-01-10 04:53:40,2
si_3b,2024-01-10 10:20:28,2
si_3b,2024-01-10 13:19:12,1
si_3b,2024-01-10 19:16:29,1
si_2b,2024-01-10 19:56:32,2
si_3b,2024-01-10 22:38:37,2
si_1b,2024-01-11 04:16:05,2
si_2b,2024-01-11 09:25:00,1
si_2b,2024-01-11 11:58:32,1
si_1b,2024-01-11 15:41:55,1
si_2b,2024-01-11 16:10:41,2
si_3b,2024-01-11 21:09:25,1
si_3b,2024-01-12 02:20:31,1
si_1b,2024-01-12 04:19:56,2
si_3b,2024-01-12 09:23:08,1
si_1b,2024-01-12 13:32:42,1
si_3b,2024-01-12 14:35:01,2
si_2b,2024-01-12 19:53:56,2
si_3b,2024-01-12 20:50:48,2
si_1b,2024-01-13 00:13:43,2
si_1b,2024-01-13 00:23:23,2
si_3b,2024-01-13 02:05:58,1
si_3b,2024-01-13 05:50:11,1
si_2b,2024-01-13 06:46:24,2
si_2b,2024-01-13 12:28:33,1
si_2b,2024-01-13 15:38:41,2
si_3b,2024-01-13 20:32:50,2
si_2b,2024-01-13 21:50:25,1
si_1b,2024-01-13 22:17:31,1
si_3b,2024-01-14 01:16:56,1
si_3b,2024-01-14 04:25:29,1
si_1b,2024-01-14 10:21:22,1
si_1b,2024-01-14 13:47:34,2
si_3b,2024-01-14 16:29:34,2
si_3b,2024-01-14 20:53:55,2
si_2b,2024-01-14 23:03:08,1
si_3b,2024-01-15 03:28:05,1
si_1b,2024-01-15 06:02:35,2
si_3b,2024-01-15 06:58:46,2
si_2b,2024-01-15 09:26:53,1
si_2b,2024-01-15 12:12:23,2
si_1b,2024-01-15 13:17:26,1
si_3b,2024-01-15 18:48:13,1
si_2b,2024-01-15 23:16:07,2
si_3b,2024-01-16 01:04:52,2
si_2b,2024-01-16 02:25:51,2
si_1b,2024-01-16 04:19:28,1
si_2b,2024-01-16 09:09:04,2
si_1b,2024-01-16 11:33:53,2
si_2b,2024-01-16 16:31:01,1
si_3b,2024-01-16 20:44:51,1
si_1b,2024-01-17 02:05:04,1
si_3b,2024-01-17 03:44:32,1
si_3b,2024-01-17 06:47:47,2
si_1b,2024-01-17 07:43:54,2
si_1b,2024-01-17 09:03:56,2
si_2b,2024-01-17 14:33:35,1
si_1b,2024-01-17 18:28:01,1
si_3b,2024-01-17 18:34:05,2
si_3b,2024-01-17 22:42:52,1
si_2b,2024-01-18 02:45:13,2
si_2b,2024-01-18 05:05:45,2
si_3b,2024-01-18 07:15:48,2
si_3b,2024-01-18 09:48:01,1
si_1b,2024-01-18 10:37:09,2
si_2b,2024-01-18 15:25:15,2
si_2b,2024-01-18 16:27:28,1
si_3b,2024-01-18 18:33:45,1
si_3b,2024-01-18 21:56:05,1
si_3b,2024-01-19 02:49:05,1
si_3b,2024-01-19 04:06:09,2
si_3b,2024-01-19 06:05:53,2
si_2b,2024-01-19 08:54:57,1
si_1b,2024-01-19 14:07:11,1
si_2b,2024-01-19 18:37:55,1
si_2b,2024-01-19 19:40:35,1
si_1b,2024-01-19 23:46:32,1
si_3b,2024-01-20 03:26:55,2
si_2b,2024-01-20 07:39:19,2
si_2b,2024-01-20 08:25:01,2
si_1b,2024-01-20 11:04:50,2
si_3b,2024-01-20 13:03:31,1
si_2b,2024-01-20 14:47:42,2
si_2b,2024-01-20 15:01:13,2
si_1b,2024-01-20 16:20:05,2
si_1b,2024-01-20 21:34:41,1
si_1b,2024-01-20 21:53:46,2
si_1b,2024-01-20 23:59:09,1
si_2b,2024-01-21 02:52:50,2
si_3b,2024-01-21 03:17:37,1
si_3b,2024-01-21 08:13:02,2
si_1b,2024-01-21 11:41:05,1
si_3b,2024-01-21 12:00:10,1
si_2b,2024-01-21 14:56:37,2
si_2b,2024-01-21 17:06:59,2
si_2b,2024-01-21 21:33:33,1
si_3b,2024-01-22 00:49:27,1
si_2b,2024-01-22 03:39:08,1
si_3b,2024-01-22 06:55:39,1
si_3b,2024-01-22 09:20:39,2
si_3b,2024-01-22 09:55:15,1
si_3b,2024-01-22 15:53:15,2
si_3b,2024-01-22 16:55:11,1
si_3b,2024-01-22 21:15:44,2
si_1b,2024-01-23 02:20:03,1
si_3b,2024-01-23 07:24:57,1
si_1b,2024-01-23 08:12:41,2
si_1b,2024-01-23 13:27:11,1
si_2b,2024-01-23 16:33:07,1
si_2b,2024-01-23 16:53:34,1
si_3b,2024-01-23 18:00:19,1
si_2b,2024-01-23 22:07:18,1
si_1b,2024-01-23 22:49:06,1
si_3b,2024-01-23 23:44:25,1
si_2b,2024-01-24 02:17:32,1
si_3b,2024-01-24 03:52:01,1
si_3b,2024-01-24 09:34:20,1
si_3b,2024-01-24 11:03:36,1
si_3b,2024-01-24 13:57:03,2
si_3b,2024-01-24 17:03:23,1
si_1b,2024-01-24 17:39:39,2
si_2b,2024-01-24 19:15:22,2
si_1b,2024-01-24 22:45:37,1
si_2b,2024-01-25 00:45:18,2
si_1b,2024-01-25 00:56:52,2
si_2b,2024-01-25 06:33:27,1
si_1b,2024-01-25 11:54:50,1
si_1b,2024-01-25 12:17:31,1
si_2b,2024-01-25 13:50:07,1
si_2b,2024-01-25 15:29:28,1
si_2b,2024-01-25 21:00:20,2
si_2b,2024-01-26 00:52:01,1
si_3b,2024-01-26 05:44:44,2
si_2b,2024-01-26 08:16:49,1
si_2b,2024-01-26 10:50:29,2
si_1b,2024-01-26 13:20:55,2
si_1b,2024-01-26 18:32:12,1
si_2b,2024-01-26 21:56:02,2
si_1b,2024-01-27 03:35:22,2
si_3b,2024-01-27 04:23:35,1
si_2b,2024-01-27 09:55:10,1
si_1b,2024-01-27 14:08:06,2
si_1b,2024-01-27 19:28:36,2
si_3b,2024-01-27 20:56:52,1
si_1b,2024-01-28 02:54:36,2
si_1b,2024-01-28 06:45:03,2
si_2b,2024-01-28 09:11:23,2
si_3b,2024-01-28 13:51:15,2
si_1b,2024-01-28 16:59:17,2
si_3b,2024-01-28 19:33:03,2
si_1b,2024-01-28 20:07:53,2
si_3b,2024-01-28 23:21:13,2
si_3b,2024-01-28 23:38:57,1
si_3b,2024-01-29 05:21:13,2
si_3b,2024-01-29 07:25:44,1
si_3b,2024-01-29 09:38:31,2
si_2b,2024-01-29 12:13:37,2
si_1b,2024-01-29 18:00:48,2
si_3b,2024-01-29 19:53:01,2
si_2b,2024-01-29 22:52:20,2
si_3b,2024-01-30 03:54:57,2
si_2b,2024-01-30 05:12:21,2
si_3b,2024-01-30 07:35:28,2
si_3b,2024-01-30 12:00:48,2
si_3b,2024-01-30 17:39:58,2
si_1b,2024-01-30 21:35:51,2
si_1b,2024-01-31 02:33:00,1
si_2b,2024-01-31 05:24:24,1
si_2b,2024-01-31 07:43:34,2
si_3b,2024-01-31 13:26:14,2
si_2b,2024-01-31 18:55:09,1
si_1b,2024-02-01 00:32:19,1
si_2b,2024-02-01 01:53:09,2
si_1b,2024-02-01 05:40:07,2
si_1b,2024-02-01 10:27:46,1
si_1b,2024-02-01 11:09:17,1
si_1b,2024-02-01 16:38:13,2
si_2b,2024-02-01 18:01:54,1
si_2b,2024-02-01 21:51:57,2
si_1b,2024-02-01 23:10:59,1
si_2b,2024-02-02 01:16:59,2
si_1b,2024-02-02 06:06:17,2
si_2b,2024-02-02 10:46:35,1
si_2b,2024-02-02 11:43:43,1
si_3b,2024-02-02 16:14:42,2
si_2b,2024-02-02 21:31:56,2
si_3b,2024-02-03 03:22:14,2
si_2b,2024-02-03 08:23:35,2
si_1b,2024-02-03 10:10:13,2
si_3b,2024-02-03 15:34:56,2
si_1b,2024-02-03 18:42:42,2
si_3b,2024-02-03 22:09:37,2
si_1b,2024-02-03 22:42:43,2
si_1b,2024-02-04 02:24:11,2
si_2b,2024-02-04 02:54:26,2
si_1b,2024-02-04 08:44:37,1
si_3b,2024-02-04 11:45:34,2
si_3b,2024-02-04 15:39:25,2
si_2b,2024-02-04 15:50:06,1
si_2b,2024-02-04 21:26:30,1
si_1b,2024-02-05 02:12:07,2
si_3b,2024-02-05 07:22:09,1
si_2b,2024-02-05 09:45:07,2
si_2b,2024-02-05 11:53:42,2
si_2b,2024-02-05 16:45:55,2
si_1b,2024-02-05 19:33:06,2
si_2b,2024-02-06 01:09:14,2
si_3b,2024-02-06 02:26:25,1
si_1b,2024-02-06 06:49:12,1
si_2b,2024-02-06 08:14:39,1
si_3b,2024-02-06 09:35:26,2
si_2b,2024-02-06 11:47:14,2
si_3b,2024-02-06 17:03:14,2
si_3b,2024-02-06 18:45:45,1
si_2b,2024-02-06 22:30:18,1
si_2b,2024-02-07 01:12:59,2
si_3b,2024-02-07 03:18:43,2
si_2b,2024-02-07 08:56:47,2
si_3b,2024-02-07 12:17:10,2
si_3b,2024-02-07 16:11:42,2
si_3b,2024-02-07 18:26:55,2
si_1b,2024-02-07 20:46:06,1
si_3b,2024-02-08 01:23:26,1
si_1b,2024-02-08 06:57:20,2
si_3b,2024-02-08 09:29:21,1
si_3b,2024-02-08 12:35:16,2
si_2b,2024-02-08 14:18:33,1
si_2b,2024-02-08 17:57:02,1
si_3b,2024-02-08 21:29:43,1
si_3b,2024-02-08 23:19:49,1
si_3b,2024-02-09 00:06:40,2
si_2b,2024-02-09 04:55:04,1
si_2b,2024-02-09 06:01:01,1
si_2b,2024-02-09 10:42:36,2
si_2b,2024-02-09 13:01:12,2
si_3b,2024-02-09 14:19:45,2
si_3b,2024-02-09 15:40:11,1
si_2b,2024-02-09 17:02:25,2
si_2b,2024-02-09 21:43:43,1
si_2b,2024-02-09 23:59:32,2
si_3b,2024-02-10 01:53:58,2
si_2b,2024-02-10 06:55:30,2
si_2b,2024-02-10 11:40:44,1
si_1b,2024-02-10 12:16:45,2
si_1b,2024-02-10 15:12:25,2
si_1b,2024-02-10 17:58:52,2
si_2b,2024-02-10 19:04:48,1
si_2b,2024-02-10 21:37:58,1
si_2b,2024-02-11 00:40:41,1
si_2b,2024-02-11 03:24:49,2
si_1b,2024-02-11 03:45:19,2
si_3b,2024-02-11 08:22:06,2
si_2b,2024-02-11 13:24:36,2
si_2b,2024-02-11 18:32:00,1
si_2b,2024-02-11 22:45:17,2
si_3b,2024-02-12 00:08:31,1
si_2b,2024-02-12 03:03:16,2
si_1b,2024-02-12 04:54:49,2
si_3b,2024-02-12 10:46:56,2
si_1b,2024-02-12 13:30:07,1
si_1b,2024-02-12 18:59:33,1
si_1b,2024-02-12 20:33:47,1
si_1b,2024-02-12 23:37:38,2
si_1b,2024-02-13 01:26:54,2
si_3b,2024-02-13 06:19:22,1
si_1b,2024-02-13 11:01:24,2
si_2b,2024-02-13 15:42:12,2
si_1b,2024-02-13 21:39:38,1
si_1b,2024-02-14 00:41:22,2
si_1b,2024-02-14 03:24:20,1
si_3b,2024-02-14 09:14:01,1
si_2b,2024-02-14 14:43:24,2
si_1b,2024-02-14 19:42:04,1
si_1b,2024-02-14 21:49:41,1
si_2b,2024-02-15 01:19:56,2
si_3b,2024-02-15 05:05:18,1
si_3b,2024-02-15 09:03:41,1
si_2b,2024-02-15 09:14:55,2
si_3b,2024-02-15 14:57:36,2
si_1b,2024-02-15 20:21:30,1
si_3b,2024-02-15 23:19:33,1
si_2b,2024-02-16 04:03:07,1
si_3b,2024-02-16 05:14:54,1
si_1b,2024-02-16 09:32:59,1
si_1b,2024-02-16 11:06:16,2
si_3b,2024-02-16 12:42:37,1
si_2b,2024-02-16 16:42:18,2
si_2b,2024-02-16 19:01:05,2
si_1b,2024-02-16 19:21:57,1
si_3b,2024-02-16 23:07:04,1
si_1b,2024-02-17 02:07:32,2
si_3b,2024-02-17 06:28:06,1
si_1b,2024-02-17 09:58:03,1
si_3b,2024-02-17 15:35:12,2
si_2b,2024-02-17 21:21:41,1
si_3b,2024-02-17 23:40:24,2
si_3b,2024-02-18 04:24:00,2
si_3b,2024-02-18 08:41:21,1
si_1b,2024-02-18 14:11:15,1
si_3b,2024-02-18 19:56:10,1
si_2b,2024-02-19 00:45:43,1
si_1b,2024-02-19 03:56:31,1
si_3b,2024-02-19 05:09:05,1
si_1b,2024-02-19 07:41:51,1
si_1b,2024-02-19 08:53:23,2
si_1b,2024-02-19 13:27:19,2
si_1b,2024-02-19 18:09:56,1
si_3b,2024-02-19 23:46:54,2
si_3b,2024-02-20 02:08:18,1
si_1b,2024-02-20 04:53:17,2
si_1b,2024-02-20 05:32:17,1
si_2b,2024-02-20 09:18:31,2
si_2b,2024-02-20 12:15:56,1
si_2b,2024-02-20 13:06:30,2
si_2b,2024-02-20 16:49:37,2
si_1b,2024-02-20 19:03:44,2
si_3b,2024-02-20 23:59:42,1
si_3b,2024-02-21 00:36:11,1
si_3b,2024-02-21 02:07:07,2
si_3b,2024-02-21 07:48:56,2
si_1b,2024-02-21 08:49:50,1
si_1b,2024-02-21 11:38:45,1
si_2b,2024-02-21 14:49:27,2
si_1b,2024-02-21 15:32:28,2
si_2b,2024-02-21 16:21:57,2
si_1b,2024-02-21 21:18:50,2
si_2b,2024-02-21 21:36:10,2
si_2b,2024-02-22 00:19:28,2
si_2b,2024-02-22 00:22:48,2
si_3b,2024-02-22 04:19:27,1
si_3b,2024-02-22 06:18:24,2
si_2b,2024-02-22 09:53:37,2
si_2b,2024-02-22 11:13:33,1
si_1b,2024-02-22 13:09:38,1
si_2b,2024-02-22 15:39:15,1
si_2b,2024-02-22 20:44:26,1
si_1b,2024-02-23 02:06:42,1
si_2b,2024-02-23 04:46:25,1
si_1b,2024-02-23 05:25:25,2
si_3b,2024-02-23 08:34:32,1
si_3b,2024-02-23 13:38:18,2
si_1b,2024-02-23 19:02:52,1
si_2b,2024-02-23 22:04:05,1
si_1b,2024-02-24 02:05:40,2
si_2b,2024-02-24 03:06:00,1
si_1b,2024-02-24 06:58:19,1
si_2b,2024-02-24 08:31:50,2
si_2b,2024-02-24 14:28:19,2
si_1b,2024-02-24 19:21:27,1
si_2b,2024-02-24 22:46:30,2
si_2b,2024-02-24 23:26:53,1
si_1b,2024-02-25 04:24:16,2
si_1b,2024-02-25 07:17:24,1
si_1b,2024-02-25 10:57:44,2
si_2b,2024-02-25 12:36:29,2
si_2b,2024-02-25 13:38:11,2
si_3b,2024-02-25 18:41:03,1
si_1b,2024-02-25 18:55:25,2
si_1b,2024-02-25 23:13:26,1
si_2b,2024-02-26 01:28:41,1
si_2b,2024-02-26 03:39:01,2
si_1b,2024-02-26 07:23:25,1
si_1b,2024-02-26 12:04:30,2
si_2b,2024-02-26 13:36:51,2
si_3b,2024-02-26 19:03:55,1
si_2b,2024-02-26 19:10:14,2
si_2b,2024-02-26 20:32:45,2
si_2b,2024-02-27 01:14:26,1
si_2b,2024-02-27 06:49:17,2
si_1b,2024-02-27 08:07:12,2
si_3b,2024-02-27 11:53:00,1
si_1b,2024-02-27 14:02:01,1
si_3b,2024-02-27 15:36:23,2
si_3b,2024-02-27 17:52:54,2
si_1b,2024-02-27 23:16:45,2
si_1b,2024-02-27 23:22:05,1
si_3b,2024-02-28 02:16:31,2
si_3b,2024-02-28 06:22:33,1
si_2b,2024-02-28 06:27:09,2
si_3b,2024-02-28 09:20:01,1
si_1b,2024-02-28 11:21:59,1
si_1b,2024-02-28 12:01:27,2
si_1b,2024-02-28 18:00:26,1
si_2b,2024-02-28 19:11:15,1
si_2b,2024-02-29 00:41:33,1
si_2b,2024-02-29 02:02:58,2
si_1b,2024-02-29 07:41:56,1
si_2b,2024-02-29 12:41:10,2
si_1b,2024-02-29 13:58:44,2
si_2b,2024-02-29 14:38:04,2
si_1b,2024-02-29 15:38:10,2
si_3b,2024-02-29 19:59:43,1
si_2b,2024-02-29 20:56:58,2
si_1b,2024-02-29 23:59:24,2
si_1b,2024-03-01 03:06:17,2
si_1b,2024-03-01 03:21:32,2
si_3b,2024-03-01 05:50:22,2
si_1b,2024-03-01 07:14:57,1
si_2b,2024-03-01 10:53:33,1
si_3b,2024-03-01 11:08:04,2
si_3b,2024-03-01 11:48:02,2
si_3b,2024-03-01 15:17:38,1
si_1b,2024-03-01 20:26:44,1
si_1b,2024-03-01 20:57:05,2
si_1b,2024-03-01 21:47:02,2
si_3b,2024-03-01 22:54:44,1
si_2b,2024-03-02 01:40:38,2
si_3b,2024-03-02 04:21:23,1
si_2b,2024-03-02 09:01:06,1
si_3b,2024-03-02 11:47:17,2
si_2b,2024-03-02 15:30:03,1
si_1b,2024-03-02 21:07:21,1
si_3b,2024-03-02 22:52:13,2
si_3b,2024-03-02 23:32:44,1
si_1b,2024-03-02 23:56:36,2
si_1b,2024-03-03 04:10:48,1
si_3b,2024-03-03 07:27:09,2
si_2b,2024-03-03 12:05:41,1
si_1b,2024-03-03 14:44:44,1
si_1b,2024-03-03 16:37:06,1
si_3b,2024-03-03 21:33:42,1
si_1b,2024-03-03 21:39:48,2
si_2b,2024-03-04 03:26:12,1
si_3b,2024-03-04 05:08:58,2
si_3b,2024-03-04 10:08:57,1
si_1b,2024-03-04 11:51:01,1
si_2b,2024-03-04 16:42:48,2
si_1b,2024-03-04 22:35:50,1
si_3b,2024-03-05 00:18:03,2
si_3b,2024-03-05 02:35:49,2
si_1b,2024-03-05 07:20:20,1
si_2b,2024-03-05 10:04:59,1
si_2b,2024-03-05 13:21:35,2
si_3b,2024-03-05 14:50:18,1
si_1b,2024-03-05 15:24:41,1
si_3b,2024-03-05 18:25:50,2
si_2b,2024-03-05 22:08:56,2
si_2b,2024-03-06 01:35:13,1
si_3b,2024-03-06 04:32:00,2
si_2b,2024-03-06 08:35:00,1
si_2b,2024-03-06 08:57:46,1
si_3b,2024-03-06 13:59:12,1
si_1b,2024-03-06 18:51:02,1
si_1b,2024-03-06 21:21:15,1
si_1b,2024-03-07 00:51:07,1
si_3b,2024-03-07 06:16:55,2
si_1b,2024-03-07 08:53:59,1
si_2b,2024-03-07 14:16:43,1
si_3b,2024-03-07 18:30:01,1
si_1b,2024-03-07 19:21:47,1
si_3b,2024-03-07 21:26:38,1
si_2b,2024-03-07 22:31:23,1
si_3b,2024-03-08 00:22:59,1
si_3b,2024-03-08 03:22:21,1
si_1b,2024-03-08 05:44:23,1
si_3b,2024-03-08 10:26:32,1
si_1b,2024-03-08 15:43:25,2
si_2b,2024-03-08 18:29:32,2
si_2b,2024-03-08 22:43:00,1
si_1b,2024-03-09 01:13:06,2
si_3b,2024-03-09 06:42:01,2
si_1b,2024-03-09 08:16:58,1
si_1b,2024-03-09 11:06:50,2
si_3b,2024-03-09 16:49:59,1
si_2b,2024-03-09 19:13:50,2
si_2b,2024-03-10 00:30:21,2
si_2b,2024-03-10 06:26:58,1
si_3b,2024-03-10 08:08:19,1
si_3b,2024-03-10 09:08:34,1
si_1b,2024-03-10 13:01:04,1
si_3b,2024-03-10 15:33:39,1
si_1b,2024-03-10 19:46:41,2
si_1b,2024-03-10 23:27:45,2
si_2b,2024-03-11 01:49:31,1
si_2b,2024-03-11 06:04:43,1
si_3b,2024-03-11 11:53:35,2
si_3b,2024-03-11 15:34:44,1
si_2b,2024-03-11 21:27:40,2
si_1b,2024-03-12 03:21:47,2
si_3b,2024-03-12 08:43:01,1
si_3b,2024-03-12 11:00:51,1
si_3b,2024-03-12 11:15:31,1
si_1b,2024-03-12 11:50:53,2
si_1b,2024-03-12 16:00:26,1
si_1b,2024-03-12 20:06:16,1
si_2b,2024-03-12 23:36:19,1
si_3b,2024-03-13 00:11:56,2
si_3b,2024-03-13 05:36:17,1
si_1b,2024-03-13 05:54:23,1
si_2b,2024-03-13 10:35:21,1
si_2b,2024-03-13 10:54:36,1
si_2b,2024-03-13 14:56:04,1
si_3b,2024-03-13 18:46:51,1
si_2b,2024-03-14 00:22:34,1
si_2b,2024-03-14 01:43:16,2
si_2b,2024-03-14 06:45:57,2
si_1b,2024-03-14 12:08:44,1
si_3b,2024-03-14 12:54:52,1
si_1b,2024-03-14 15:14:54,2
si_2b,2024-03-14 20:45:25,1
si_3b,2024-03-14 23:35:08,2
si_3b,2024-03-15 02:54:34,2
si_3b,2024-03-15 03:16:46,1
si_1b,2024-03-15 05:58:18,2
si_3b,2024-03-15 10:35:32,2
si_1b,2024-03-15 15:11:04,2
si_3b,2024-03-15 17:59:28,1
si_1b,2024-03-15 23:26:44,1
si_2b,2024-03-16 05:26:20,1
si_1b,2024-03-16 08:19:22,2
si_1b,2024-03-16 10:41:59,2
si_3b,2024-03-16 12:42:32,1
si_2b,2024-03-16 17:50:45,2
si_1b,2024-03-16 21:34:26,2
si_2b,2024-03-17 00:21:57,1
si_3b,2024-03-17 02:44:09,1
si_2b,2024-03-17 07:51:18,1
si_1b,2024-03-17 10:12:28,1
si_2b,2024-03-17 15:42:46,1
si_3b,2024-03-17 18:47:20,1
si_1b,2024-03-17 23:32:09,2
si_3b,2024-03-18 00:30:50,1
si_1b,2024-03-18 05:14:14,2
si_2b,2024-03-18 10:52:03,2
si_3b,2024-03-18 11:27:24,1
si_1b,2024-03-18 16:15:50,2
si_2b,2024-03-18 17:19:12,2
si_3b,2024-03-18 19:38:09,1
si_3b,2024-03-18 23:06:08,2
si_1b,2024-03-19 04:23:25,1
si_2b,2024-03-19 06:51:23,2
si_3b,2024-03-19 12:37:00,2
si_1b,2024-03-19 16:16:41,2
si_3b,2024-03-19 21:40:34,2
si_3b,2024-03-19 22:03:58,2
si_2b,2024-03-20 01:46:53,2
si_2b,2024-03-20 01:50:09,1
si_2b,2024-03-20 03:06:40,1
si_3b,2024-03-20 04:08:01,2
si_2b,2024-03-20 06:14:36,2
si_2b,2024-03-20 09:27:56,1
si_1b,2024-03-20 15:01:45,1
si_1b,2024-03-20 17:52:44,2
si_3b,2024-03-20 21:16:49,1
si_2b,2024-03-21 00:37:43,1
si_3b,2024-03-21 02:55:33,2
si_3b,2024-03-21 04:26:37,1
si_3b,2024-03-21 10:09:42,2
si_2b,2024-03-21 12:40:46,1
si_2b,2024-03-21 13:44:16,2
si_3b,2024-03-21 13:49:17,1
si_2b,2024-03-21 14:56:42,1
si_2b,2024-03-21 20:35:06,1
si_1b,2024-03-22 02:04:11,1
si_3b,2024-03-22 04:38:49,1
si_3b,2024-03-22 07:19:36,1
si_1b,2024-03-22 12:10:58,1
si_1b,2024-03-22 18:09:33,1
si_1b,2024-03-22 23:47:32,1
si_1b,2024-03-23 03:29:38,1
si_2b,2024-03-23 08:19:10,1
si_1b,2024-03-23 12:59:49,2
si_3b,2024-03-23 17:42:40,1
si_1b,2024-03-23 20:31:16,2
si_3b,2024-03-23 23:17:29,1
si_3b,2024-03-24 01:44:40,1
si_2b,2024-03-24 05:53:40,1
si_3b,2024-03-24 10:52:54,2
si_1b,2024-03-24 12:27:44,2
si_2b,2024-03-24 15:08:46,1
si_2b,2024-03-24 20:59:36,2
si_1b,2024-03-25 02:54:49,1
si_2b,2024-03-25 05:32:53,2
si_2b,2024-03-25 06:46:02,1
si_2b,2024-03-25 10:53:01,1
si_2b,2024-03-25 11:17:07,2
si_1b,2024-03-25 12:34:34,2
si_1b,2024-03-25 14:22:46,2
si_3b,2024-03-25 15:56:19,1
si_3b,2024-03-25 17:26:30,2
si_3b,2024-03-25 21:40:12,1
si_3b,2024-03-26 01:21:48,1
si_1b,2024-03-26 02:47:21,2
si_1b,2024-03-26 08:23:12,2
si_1b,2024-03-26 12:23:01,1
si_1b,2024-03-26 13:24:46,2
si_1b,2024-03-26 18:38:08,1
si_1b,2024-03-26 23:46:15,2
si_1b,2024-03-27 00:00:31,2
si_3b,2024-03-27 05:47:41,1
si_1b,2024-03-27 10:29:49,2
si_1b,2024-03-27 12:47:59,2
si_2b,2024-03-27 15:52:37,2
si_3b,2024-03-27 21:45:12,2
si_1b,2024-03-28 00:21:15,1
si_2b,2024-03-28 04:45:26,1
si_2b,2024-03-28 06:56:42,2
si_3b,2024-03-28 12:02:42,1
si_2b,2024-03-28 16:45:43,2
si_3b,2024-03-28 22:39:48,1
si_3b,2024-03-29 01:35:15,1
si_3b,2024-03-29 05:50:15,2
si_1b,2024-03-29 08:53:04,1
si_2b,2024-03-29 09:32:07,1
si_3b,2024-03-29 14:19:57,1
si_3b,2024-03-29 19:02:09,1
si_2b,2024-03-30 00:48:33,1
si_2b,2024-03-30 01:36:51,1
si_1b,2024-03-30 02:58:01,2
si_3b,2024-03-30 04:15:33,1
si_1b,2024-03-30 07:10:40,1
si_3b,2024-03-30 11:32:29,2
si_2b,2024-03-30 11:47:19,1
si_1b,2024-03-30 13:56:49,2
si_2b,2024-03-30 18:22:26,1
si_3b,2024-03-30 19:32:35,1
si_3b,2024-03-30 23:31:24,1
si_3b,2024-03-31 03:09:34,1
si_2b,2024-03-31 05:28:46,2
si_3b,2024-03-31 10:57:39,2
si_1b,2024-03-31 16:19:20,1
si_1b,2024-03-31 18:18:15,1
si_2b,2024-03-31 18:42:44,1
si_2b,2024-03-31 22:43:20,2
si_3b,2024-04-01 00:02:41,2
si_2b,2024-04-01 01:02:23,1
si_2b,2024-04-01 02:50:02,2
si_2b,2024-04-01 04:17:32,1
si_3b,2024-04-01 04:28:13,2
si_1b,2024-04-01 05:41:23,2
si_1b,2024-04-01 05:48:08,1
si_1b,2024-04-01 11:04:47,2
si_3b,2024-04-01 13:55:38,1
si_2b,2024-04-01 14:26:36,1
si_1b,2024-04-01 17:31:28,2
si_3b,2024-04-01 22:53:09,1
si_1b,2024-04-02 00:48:24,1
si_2b,2024-04-02 02:07:13,1
si_2b,2024-04-02 06:38:55,1
si_3b,2024-04-02 11:35:07,2
si_1b,2024-04-02 13:19:01,2
si_3b,2024-04-02 16:08:51,2
si_3b,2024-04-02 19:42:14,2
si_2b,2024-04-03 01:31:36,2
si_2b,2024-04-03 03:22:31,2
si_1b,2024-04-03 08:19:03,2
si_3b,2024-04-03 13:17:11,1
si_3b,2024-04-03 13:54:00,2
si_3b,2024-04-03 17:27:10,2
si_1b,2024-04-03 19:40:54,2
si_2b,2024-04-04 01:09:10,2
si_1b,2024-04-04 03:17:52,2
si_2b,2024-04-04 07:16:50,2
si_2b,2024-04-04 07:17:28,2
si_2b,2024-04-04 12:45:54,2
si_2b,2024-04-04 13:37:29,1
si_3b,2024-04-04 15:17:59,1
si_2b,2024-04-04 20:11:16,1
si_2b,2024-04-04 22:47:48,2
si_3b,2024-04-05 04:09:37,2
si_1b,2024-04-05 08:21:50,1
si_1b,2024-04-05 08:50:22,2
si_1b,2024-04-05 11:05:17,1
si_2b,2024-04-05 11:40:50,2
si_1b,2024-04-05 17:14:03,2
si_2b,2024-04-05 17:49:16,2
si_3b,2024-04-05 22:17:46,2
si_2b,2024-04-06 03:52:15,1
si_3b,2024-04-06 05:34:32,1
si_1b,2024-04-06 10:45:25,2
si_1b,2024-04-06 12:46:02,2
si_3b,2024-04-06 13:31:38,1
si_2b,2024-04-06 15:14:24,1
si_1b,2024-04-06 20:04:21,2
si_3b,2024-04-06 23:42:40,2
si_2b,2024-04-07 03:02:36,1
si_2b,2024-04-07 07:20:36,1
si_2b,2024-04-07 08:43:47,1
si_2b,2024-04-07 09:20:02,1
si_3b,2024-04-07 15:07:38,2
si_3b,2024-04-07 19:45:34,2
si_1b,2024-04-07 21:35:27,1
si_1b,2024-04-08 00:56:03,1
si_2b,2024-04-08 01:20:53,2
si_2b,2024-04-08 03:55:37,1
si_1b,2024-04-08 07:05:09,2
si_2b,2024-04-08 07:50:52,2
si_3b,2024-04-08 13:44:31,1
si_1b,2024-04-08 16:01:48,1
si_2b,2024-04-08 20:15:49,2
si_3b,2024-04-08 22:15:54,1
si_2b,2024-04-09 01:02:06,1
si_2b,2024-04-09 04:25:40,2
si_1b,2024-04-09 06:45:20,2
si_2b,2024-04-09 12:07:13,1
si_3b,2024-04-09 12:50:03,2
si_1b,2024-04-09 17:25:23,1
si_1b,2024-04-09 20:30:13,1
si_1b,2024-04-09 21:11:51,2
si_1b,2024-04-10 03:08:48,2
si_2b,2024-04-10 07:49:20,2
si_3b,2024-04-10 12:58:55,2
si_2b,2024-04-10 15:03:42,2
si_2b,2024-04-10 17:32:42,1
si_2b,2024-04-10 19:59:43,1
si_2b,2024-04-10 22:52:44,1
si_1b,2024-04-11 04:10:00,1
si_2b,2024-04-11 04:58:59,1
si_1b,2024-04-11 10:03:50,2
si_2b,2024-04-11 15:30:46,1
si_3b,2024-04-11 20:15:14,2
si_3b,2024-04-11 20:23:38,2
si_1b,2024-04-11 21:08:22,2
si_1b,2024-04-11 23:24:29,1
si_2b,2024-04-12 01:42:02,1
si_2b,2024-04-12 04:33:32,1
si_1b,2024-04-12 09:59:47,2
si_3b,2024-04-12 14:11:25,1
si_3b,2024-04-12 16:31:29,1
si_2b,2024-04-12 22:02:25,2
si_3b,2024-04-12 23:55:28,2
si_1b,2024-04-13 04:01:59,2
si_3b,2024-04-13 07:06:09,2
si_2b,2024-04-13 08:59:25,2
si_3b,2024-04-13 11:29:42,2
si_1b,2024-04-13 13:02:33,1
si_1b,2024-04-13 17:00:11,1
si_3b,2024-04-13 21:08:10,1
si_1b,2024-04-14 01:23:07,2
si_3b,2024-04-14 03:57:53,1
si_1b,2024-04-14 04:28:46,2
si_3b,2024-04-14 04:55:34,1
si_2b,2024-04-14 05:57:26,2
si_2b,2024-04-14 08:10:11,1
si_3b,2024-04-14 11:48:38,1
si_3b,2024-04-14 12:28:43,1
si_2b,2024-04-14 15:43:20,1
si_3b,2024-04-14 19:47:32,1
si_3b,2024-04-14 21:37:08,1
si_3b,2024-04-15 02:20:17,2
si_3b,2024-04-15 07:56:12,2
si_3b,2024-04-15 12:54:13,2
si_2b,2024-04-15 15:14:04,1
si_3b,2024-04-15 17:52:12,1
si_3b,2024-04-15 20:03:14,1
si_2b,2024-04-15 22:25:22,2
si_1b,2024-04-16 00:54:29,1
si_2b,2024-04-16 02:09:28,2
si_2b,2024-04-16 05:24:33,2
si_3b,2024-04-16 07:54:29,2
si_1b,2024-04-16 11:55:18,2
si_1b,2024-04-16 15:16:03,2
si_1b,2024-04-16 21:03:14,1
si_3b,2024-04-17 01:07:02,1
si_3b,2024-04-17 03:10:03,1
si_3b,2024-04-17 05:26:50,2
si_3b,2024-04-17 08:50:45,1
si_2b,2024-04-17 10:04:32,2
si_1b,2024-04-17 10:18:36,1
si_2b,2024-04-17 13:00:15,1
si_1b,2024-04-17 13:29:19,2
si_3b,2024-04-17 17:04:14,1
si_2b,2024-04-17 18:58:13,1
si_2b,2024-04-17 22:58:25,2
si_3b,2024-04-18 03:57:20,2
si_2b,2024-04-18 04:15:29,2
si_3b,2024-04-18 05:12:29,2
si_1b,2024-04-18 09:02:38,1
si_1b,2024-04-18 14:21:50,1
si_3b,2024-04-18 15:09:58,1
si_2b,2024-04-18 19:41:45,1
si_1b,2024-04-18 23:14:37,2
si_2b,2024-04-19 01:38:54,1
si_3b,2024-04-19 04:04:09,1
si_2b,2024-04-19 07:07:17,1
si_3b,2024-04-19 10:25:06,2
si_2b,2024-04-19 13:04:28,1
si_3b,2024-04-19 18:44:14,2
si_2b,2024-04-20 00:15:38,2
si_1b,2024-04-20 06:14:31,2
si_1b,2024-04-20 11:27:04,2
si_2b,2024-04-20 16:09:53,2
si_3b,2024-04-20 21:36:28,2
si_1b,2024-04-21 03:11:26,2
si_3b,2024-04-21 06:38:09,1
si_3b,2024-04-21 12:20:11,2
si_1b,2024-04-21 13:09:11,2
si_1b,2024-04-21 15:18:41,2
si_3b,2024-04-21 21:18:35,2
si_3b,2024-04-22 00:36:59,2
si_3b,2024-04-22 01:38:00,1
si_3b,2024-04-22 06:27:54,1
si_1b,2024-04-22 11:45:55,2
si_2b,2024-04-22 17:43:06,2
si_2b,2024-04-22 21:05:20,1
si_2b,2024-04-22 22:47:19,1
si_1b,2024-04-22 23:22:50,2
si_2b,2024-04-23 04:09:43,1
si_3b,2024-04-23 07:35:20,2
si_3b,2024-04-23 11:09:53,2
si_3b,2024-04-23 16:16:32,2
si_2b,2024-04-23 16:25:07,2
si_1b,2024-04-23 21:17:18,1
si_2b,2024-04-24 00:12:19,2
si_3b,2024-04-24 04:07:05,2
si_2b,2024-04-24 07:19:02,2
si_3b,2024-04-24 13:18:50,1
si_2b,2024-04-24 15:28:17,2
si_3b,2024-04-24 16:54:51,1
si_3b,2024-04-24 20:30:04,2
si_1b,2024-04-25 02:03:59,2
si_1b,2024-04-25 07:03:15,1
si_1b,2024-04-25 07:38:26,2
si_2b,2024-04-25 10:30:50,2
si_2b,2024-04-25 16:09:40,2
si_1b,2024-04-25 18:01:11,2
si_3b,2024-04-25 19:29:18,2
si_3b,2024-04-25 23:14:16,2
si_3b,2024-04-26 02:06:57,1
si_2b,2024-04-26 03:17:40,2
si_3b,2024-04-26 08:03:18,1
si_3b,2024-04-26 08:37:04,2
si_3b,2024-04-26 12:49:28,2
si_1b,2024-04-26 13:07:22,1
si_2b,2024-04-26 13:47:22,2
si_2b,2024-04-26 17:39:54,1
si_1b,2024-04-26 22:32:38,2
si_3b,2024-04-26 23:58:24,1
si_3b,2024-04-27 03:05:44,1
si_2b,2024-04-27 07:22:21,1
si_3b,2024-04-27 10:20:19,2
si_3b,2024-04-27 11:29:27,2
si_1b,2024-04-27 12:31:28,1
si_3b,2024-04-27 13:09:22,1
si_1b,2024-04-27 17:25:19,2
si_2b,2024-04-27 19:31:06,2
si_2b,2024-04-27 20:07:57,2
si_3b,2024-04-28 01:29:35,1
si_2b,2024-04-28 03:20:49,2
si_2b,2024-04-28 05:05:45,1
si_2b,2024-04-28 08:08:50,1
si_2b,2024-04-28 10:19:53,1
si_2b,2024-04-28 16:16:54,1
si_3b,2024-04-28 18:26:49,1
si_3b,2024-04-29 00:17:08,2
si_1b,2024-04-29 02:19:52,1
si_3b,2024-04-29 06:25:27,2
si_1b,2024-04-29 08:01:15,2
si_2b,2024-04-29 12:10:21,1
si_3b,2024-04-29 14:48:53,1
si_1b,2024-04-29 19:41:26,2
si_1b,2024-04-30 00:25:30,2
si_2b,2024-04-30 05:03:58,2
si_1b,2024-04-30 05:12:47,2
si_3b,2024-04-30 09:55:13,1
si_3b,2024-04-30 14:19:14,1
si_2b,2024-04-30 16:14:16,1
si_3b,2024-04-30 20:32:22,1
si_1b,2024-05-01 00:43:18,1
si_3b,2024-05-01 04:47:32,1
si_2b,2024-05-01 06:39:45,2
si_3b,2024-05-01 08:44:43,1
si_2b,2024-05-01 11:29:32,2
si_1b,2024-05-01 17:06:13,2
si_3b,2024-05-01 18:52:20,1
si_2b,2024-05-01 19:29:06,1
si_3b,2024-05-01 22:49:03,2
si_1b,2024-05-02 00:52:10,1
si_3b,2024-05-02 03:39:55,1
si_2b,2024-05-02 06:33:48,2
si_1b,2024-05-02 07:09:46,2
si_3b,2024-05-02 08:14:46,1
si_2b,2024-05-02 08:37:00,2
si_1b,2024-05-02 10:55:13,1
si_3b,2024-05-02 12:14:29,1
si_3b,2024-05-02 15:31:59,1
si_3b,2024-05-02 20:43:29,2
si_2b,2024-05-02 22:11:47,1
si_1b,2024-05-03 01:26:44,2
si_3b,2024-05-03 07:18:53,2
si_1b,2024-05-03 08:49:15,2
si_3b,2024-05-03 13:24:40,1
si_2b,2024-05-03 14:59:41,1
si_3b,2024-05-03 20:44:47,2
si_2b,2024-05-03 23:18:32,1
si_3b,2024-05-03 23:53:46,1
si_2b,2024-05-04 01:45:24,1
si_3b,2024-05-04 03:29:04,2
si_3b,2024-05-04 06:08:32,2
si_3b,2024-05-04 11:02:47,2
si_2b,2024-05-04 11:45:39,1
si_3b,2024-05-04 16:54:58,1
si_1b,2024-05-04 17:25:48,1
si_3b,2024-05-04 18:28:34,2
si_3b,2024-05-05 00:01:11,1
si_3b,2024-05-05 03:24:37,2
si_3b,2024-05-05 03:27:02,2
si_2b,2024-05-05 05:30:37,1
si_1b,2024-05-05 10:08:09,2
si_2b,2024-05-05 13:07:50,2
si_3b,2024-05-05 14:53:13,1
si_3b,2024-05-05 17:23:22,2
si_3b,2024-05-05 18:04:00,2
si_2b,2024-05-05 21:12:18,2
si_2b,2024-05-05 22:31:40,2
si_2b,2024-05-06 03:49:53,1
si_2b,2024-05-06 07:04:44,1
si_1b,2024-05-06 10:31:25,1
si_3b,2024-05-06 11:15:33,1
si_1b,2024-05-06 12:27:43,2
si_3b,2024-05-06 13:06:38,1
si_2b,2024-05-06 17:51:51,1
si_3b,2024-05-06 18:39:09,2
si_2b,2024-05-06 23:48:52,1
si_2b,2024-05-07 04:13:03,2
si_1b,2024-05-07 08:12:11,1
si_1b,2024-05-07 08:34:53,2
si_3b,2024-05-07 08:53:09,1
si_3b,2024-05-07 11:16:13,2
si_3b,2024-05-07 16:39:36,2
si_3b,2024-05-07 21:49:40,1
si_1b,2024-05-08 01:21:16,2
si_3b,2024-05-08 02:18:55,1
si_2b,2024-05-08 06:21:16,2
si_3b,2024-05-08 11:18:23,1
si_1b,2024-05-08 13:15:49,1
si_3b,2024-05-08 16:48:00,2
si_1b,2024-05-08 18:13:22,1
si_3b,2024-05-08 20:07:06,1
si_2b,2024-05-09 00:01:16,2
si_3b,2024-05-09 04:54:50,1
si_1b,2024-05-09 08:20:11,2
si_2b,2024-05-09 12:51:34,2
si_1b,2024-05-09 18:41:13,1
si_3b,2024-05-09 20:22:25,1
si_3b,2024-05-10 02:12:36,1
si_1b,2024-05-10 05:13:53,2
si_1b,2024-05-10 07:28:59,2
si_3b,2024-05-10 08:49:51,1
si_1b,2024-05-10 14:45:21,2
si_3b,2024-05-10 18:46:13,2
si_2b,2024-05-10 23:00:37,2
si_3b,2024-05-10 23:27:23,2
si_3b,2024-05-10 23:38:54,1
si_2b,2024-05-11 05:10:44,1
si_3b,2024-05-11 07:32:04,1
si_1b,2024-05-11 08:53:54,2
si_3b,2024-05-11 11:42:45,1
si_3b,2024-05-11 13:03:23,2
si_1b,2024-05-11 14:40:50,2
si_1b,2024-05-11 15:29:16,1
si_1b,2024-05-11 19:13:51,1
si_3b,2024-05-11 23:32:16,2
si_2b,2024-05-12 02:40:25,1
si_2b,2024-05-12 04:00:13,1